{"stats":{"minecraft:custom":{"minecraft:time_since_rest":706,"minecraft:crouch_one_cm":275,"minecraft:play_time":2561,"minecraft:sprint_one_cm":3992,"minecraft:walk_one_cm":4595,"minecraft:damage_taken":425,"minecraft:deaths":1,"minecraft:sneak_time":66,"minecraft:walk_under_water_one_cm":211,"minecraft:mob_kills":1,"minecraft:jump":67,"minecraft:damage_dealt":195,"minecraft:leave_game":1,"minecraft:time_since_death":679,"minecraft:walk_on_water_one_cm":201,"minecraft:total_world_time":2561,"minecraft:swim_one_cm":482,"minecraft:fall_one_cm":1163,"minecraft:fly_one_cm":11205},"minecraft:mined":{"minecraft:grass":1},"minecraft:picked_up":{"minecraft:rotten_flesh":1,"minecraft:wheat_seeds":1},"minecraft:killed_by":{"minecraft:zombie":1},"minecraft:used":{"minecraft:rotten_flesh":1},"minecraft:killed":{"minecraft:zombie":1}},"DataVersion":3465}