{"stats":{"minecraft:custom":{"minecraft:open_chest":4,"minecraft:time_since_rest":1831,"minecraft:crouch_one_cm":365,"minecraft:sprint_one_cm":5462,"minecraft:play_time":5694,"minecraft:deaths":2,"minecraft:damage_taken":580,"minecraft:walk_one_cm":6990,"minecraft:sneak_time":124,"minecraft:walk_under_water_one_cm":1675,"minecraft:mob_kills":1,"minecraft:jump":96,"minecraft:damage_dealt":265,"minecraft:leave_game":2,"minecraft:walk_on_water_one_cm":5784,"minecraft:time_since_death":1807,"minecraft:total_world_time":5694,"minecraft:swim_one_cm":34816,"minecraft:fall_one_cm":1697,"minecraft:fly_one_cm":16586},"minecraft:killed_by":{"minecraft:zombie":1},"minecraft:used":{"minecraft:rotten_flesh":1,"minecraft:moss_block":1},"minecraft:mined":{"minecraft:grass":1,"minecraft:kelp_plant":2,"minecraft:moss_block":1,"minecraft:kelp":3},"minecraft:killed":{"minecraft:zombie":1},"minecraft:picked_up":{"minecraft:suspicious_stew":1,"minecraft:rotten_flesh":1,"minecraft:kelp":8,"minecraft:wheat_seeds":2,"minecraft:potato":3,"minecraft:moss_block":2}},"DataVersion":3465}